{"Дяківці":[49.39208,27.87343],"Бронницький":[48.40683,27.89343],"Урочище \"Журавлівська дача\"":[48.64208,28.72531],"Урочище \"Білянський ліс\"":[48.26171,28.22424],"Урочище \"Криве\"":[48.23173,28.42309],"Згарський":[49.23624,27.98435],"Урочище \"Рибчинецька дубина\"":[49.69047,28.08037],"Урочище \"Гайдамацький яр\"":[48.41796,28.16031],"Немерчанський парк":[48.68244,27.75849],"Немирівський парк":[48.9654,28.84301],"Антопільський парк":[48.47031,28.68192],"Верхівський парк":[48.44305,29.16119],"Печерський парк":[48.85242,28.72203],"Парк ім. Н. Я. Гольденберга ( в минулому - Парк ім. 50- річчя Жовтня)":[49.55618,27.94912],"Парк імені І. Гегельського ( в минулому - Парк ім. Леніна)":[49.55618,27.94912],"Ботанічний сад \"Поділля\"":[49.23202,28.46797],"Центральний парк ім. М. Леонтовича (колишня назва - Центральний парк культури і відпочинку ім. Горького)":[49.23202,28.46797],"«Середнє Побужжя»":[48.86719,28.62997],"«Мурафа»":[48.5407,28.12212],"Урочище “Шиянецьке”":[49.1077,27.63244],"“Крушинівськи й”":[48.4864,29.58355],"“Запопова”":[49.07537,29.43785],"Урочище “Турська стінка”":[48.24852,28.63072],"Урочище “Суха долина”":[48.34237,28.63928],"“Григорівська гора”":[48.40683,27.89343],"“Бронницька гора”":[48.40683,27.89343],"“Криштофорів ська гора ”":[48.40683,27.89343],"“Бернашівський ”":[48.57507,27.48116],"“Значок”":[48.72711,27.68005],"“Наддністрянсь кий”":[48.64545,27.42059],"Урочище “Анциполівське ”":[48.80271,29.09089],"“Гранітні скелі”":[48.81856,28.98386],"“Кисерняк”":[48.25901,28.8437],"Урочище “Кікеї ”":[48.15271,28.74043],"“Крутосхили”":[49.03228,28.52853],"“Лужки”":[48.49867,28.43661],"“Стінка”":[48.45554,28.41786],"Урочище “Половича”":[48.51227,29.22266],"Урочище “Березів яр”":[48.65643,29.01493],"Вербська дача":[48.21556,29.27822],"«Шумський»":[48.28884,28.56835],"«Чагарник»":[49.22218,29.25385],"\"Лядівський\"":[48.51219,27.63199],"\"Нагорянський\"":[48.48026,27.51835],"«Капличка»":[49.71004,28.91557],"“Мовчани”":[48.87749,28.02372],"“Бутова”":[49.24793,29.18758],"“Марусине”":[48.66658,28.83019],"Урочище “Федьківське”":[48.65643,29.01493],"“Гопчиця”":[49.5346,29.27226],"«Берізки»":[48.58868,29.2843],"«Баглайові левади»":[48.95237,29.2944],"«Гадаї»":[48.96354,29.59414],"\"Немиринецьке\"":[49.644,28.57823],"\"Перемога\"":[49.66494,28.64644],"«Урочище «Грабарка»":[48.40439,29.24347],"«Урочище «Кручі»":[48.40713,29.26621],"«Стрімкач»":[48.58874,27.8525],"\"Миска\"":[48.40439,29.24347],"«Струмок»":[49.03546,28.11473],"«Корчівка»":[49.03546,28.11473],"Розкошівський скарб":[48.75509,29.79072],"Волошкове поле":[48.21556,29.27822],"Костоління":[48.40198,29.39118],"“Початок”":[49.37668,28.98434],"Малоростівськи й":[49.22935,29.35152],"“Синарна”":[49.15818,29.30884],"Урочище «Демидівська долина»":[48.45535,29.34128],"Опустя":[49.5337,28.84507],"«Водограй»":[48.85654,27.7985],"Ільківський став":[49.14332,28.29279],"“Лебединий”":[49.03026,28.29769],"Тростянецький":[48.51227,29.22266],"Мазуровецька дубина":[48.85242,28.72203],"Барський":[49.07762,27.68138],"Війтовецький":[49.10408,28.98159],"«Титусівський ліс»":[49.68464,28.88168],"Алея модрини європейської":[48.99746,27.77329],"Алея дуба червоного":[48.92817,27.55034],"Сумівська дубина":[48.48369,29.49143],"Стодульські платани":[49.10757,27.82143],"Група дерев липи Мішо":[49.03546,28.11473],"Ялина срібляста":[49.8631,28.89166],"Бук європейський":[49.45289,28.34747],"Ковалівські дубчаки":[49.0218,28.88859],"Дуб пірамідальний":[48.22119,29.0072],"Шершнянська скеля":[49.02399,28.42842],"Група екзотів":[48.62679,28.51508],"Софора японська":[48.67305,28.85695],"Красень дуб":[49.23202,28.46797],"Дуб велетень":[49.23202,28.46797],"Сосна веймутова (8 шт.)":[49.23202,28.46797],"Алея вікових лип":[49.23202,28.46797],"«Жабокрицький парк»":[48.38324,29.00069],"Парк «Сосновий бір»":[48.96002,28.05634],"Строїнецький дендропарк":[48.90633,28.30147],"«Кашперівський парк»":[49.8631,28.89166],"Дуб Гаврило":[49.23202,28.46797],"Джерело “Бровари”":[48.9028,27.65099],"Джерело “Вікнина”":[48.58003,29.79312],"Жорнавські криниці":[48.82142,27.89832],"Джерело “Потоки”":[49.03576,28.22765],"Кацмазівські джерела":[48.90038,27.9391],"«Джерело «Гронова криниця»":[48.38058,28.68701],"Попівська криничка (колишня назва - криничка котовців)":[49.13063,29.14642],"Лісова криниця":[49.11374,29.25919],"\"Група джерел Ізвір\"":[48.28884,28.56835],"Джерело “Лісове”":[48.58003,29.79312],"Джерело “Прибережне”":[49.26063,28.76255],"Джерело “Дзеркальне”":[49.26063,28.76255],"Джерело “Сонячне”":[49.4623,27.82475],"Кукавські джерела":[48.64506,27.74597],"Джерела “Серебрія”":[48.45739,27.72228],"Джерело “Яруга”":[48.32995,28.04707],"Джерело “Драгана”":[48.64506,27.74597],"Джерело “Війтове”":[48.64506,27.74597],"Криниця Гонти":[49.26197,29.34108],"Джерело “Стінка”":[48.25901,28.8437],"Джерело “Жива вода”":[48.7611,29.75405],"Джерело “Медвянка”":[48.7611,29.75405],"Джерело “Кришталеве”":[48.58003,29.79312],"Джерело “Задвірне”":[48.58003,29.79312],"Джерело “Циганське”":[48.58569,29.51768],"Джерела “Ревуха” (5 шт.)":[48.85848,28.57631],"Марківські джерела":[48.45999,28.71935],"Яланецькі джерела":[48.38576,28.48831],"\"Джерело \"Худенкова криниця\"":[48.38905,29.11507],"\"Джерело “Черешневий дзвін”":[48.38905,29.11507],"\"Джерело “Гвинтове”":[48.38905,29.11507],"\"Джерело “Демидова криниця”":[48.38905,29.11507],"Три криниці":[48.15513,29.57142],"Джерело “Кадуб”":[48.41796,28.16031],"Джерело “Південне вікно”":[48.71218,27.94586],"Джерело “Федірчик”":[48.71218,27.94586],"Гальжбіївські джерела":[48.26171,28.22424],"Печери":[48.49571,27.57259],"Сеноманські вапняки":[48.46413,27.60246],"Бронницькі шари":[48.40683,27.89343],"Ломазівські шари":[48.63716,27.68349],"Яришівська світа":[48.49485,27.62953],"Верхньопротер озойські осадові породи":[48.49485,27.62953],"Протерозойсь кі пісковики":[48.54169,27.80467],"Ямпільські шари":[48.24556,28.28527],"Іллінецький кратер":[49.10033,29.09787],"Боброве поселення (3 сім’ї)":[49.3959,28.38181],"Бобровий":[49.50062,28.09033],"Музей - садиба М.Коцюбинськ ого":[49.23202,28.46797],"\"Ковалівський парк\"":[49.0218,28.88859],"«Турбівський парк»":[49.33994,28.72607],"«Тополівський парк «Стадуб»":[48.7611,29.75405],"«Ладижинський гай»":[48.68105,29.25676],"Парк –садиба “Лугове”":[49.02958,27.45552],"Северинівський":[49.04774,27.94892],"Браїлівський парк":[49.10925,28.1595],"Олександрівськ ий парк":[48.62679,28.51508],"“Саджавка”":[49.46251,28.60737],"Сокілецький парк":[48.86891,28.72355],"Васильківський парк":[49.41273,29.21539],"Спичинецький парк":[49.41341,29.16355],"Сутиський парк":[49.04537,28.41823],"Комаргородськ ий парк":[48.53559,28.62017],"Рахнянський парк":[48.78179,28.48029],"Деребчинський парк":[48.75991,28.33621],"Федорівський парк":[48.87293,28.17129],"П’ятничанський парк":[49.23202,28.46797],"Парк ім. О.І.Ющенка":[49.23202,28.46797],"Дендрарій лісово- дослідної станції":[49.23202,28.46797],"Музей –садиба М.І.Пирогова":[49.23202,28.46797],"Парк культури і відпочинку селища Крижопіль":[48.38568,28.86941],"Жолоби":[49.1077,27.63244],"Лиса гора":[48.30208,29.46087],"Кайдуби":[48.51227,29.22266]}